<beans xmlns="http://www.springframework.org/schema/beans"
	xmlns:xsi="http://www.w3.org/2001/XMLSchema-instance" 
	xmlns:context="http://www.springframework.org/schema/context"
		xmlns:tx="http://www.springframework.org/schema/tx"
	xsi:schemaLocation="http://www.springframework.org/schema/beans
	http://www.springframework.org/schema/beans/spring-beans.xsd
	http://www.springframework.org/schema/context
	http://www.springframework.org/schema/context/spring-context.xsd
	http://www.springframework.org/schema/tx
	http://www.springframework.org/schema/tx/spring-tx.xsd">
<context:component-scan base-package="com.lti.dao" />
<bean id="dataSource" class="org.apache.commons.dbcp2.BasicDataSource" destroy-method="close">
        <property name="driverClassName" value="oracle.jdbc.driver.OracleDriver"/>
        <property name="url" value="jdbc:oracle:thin:@192.168.101.53:1521:xe"/>
        <property name="username" value="hr"/>
        <property name="password" value="hr"/>
    </bean>
    <!--This Configuration below will help us create
    the EntityManagerFactory and EntityManager objects. Also there is no need to create 
    a separate META-INF/persistence.xml file, all the ORM specific settings
    can be done within this bean configuration itself  -->
<bean id="myEmf" class="org.springframework.orm.jpa.LocalContainerEntityManagerFactoryBean">

   
   <property name="dataSource" ref="dataSource" /> 

    <property name="packagesToScan" value="com.lti.entity" /><!--Location of Entity Classes  -->
    <property name="jpaVendorAdapter">
        <bean class="org.springframework.orm.jpa.vendor.HibernateJpaVendorAdapter" />
    </property>
    <property name="jpaProperties">
        <props>
            <prop key="hibernate.hbm2ddl.auto">update</prop>
            <prop key="hibernate.show_sql">true</prop>
          
        </props>
    </property>
</bean>
 

 <!--Providing support for transaction management  -->
<bean id="transactionManager" class="org.springframework.orm.jpa.JpaTransactionManager">
    <property name="entityManagerFactory" ref="myEmf" />
</bean>

<tx:annotation-driven/>   
</beans>  